{
  "log" : {
    "access": "/var/log/xray/access1.log",
    "error": "/var/log/xray/access3.log",
    "loglevel": "info"
  },
  "inbounds": [
      {
      "listen": "127.0.0.1",
      "port": 10089,
      "protocol": "dokodemo-door",
      "settings": {
        "address": "127.0.0.1"
      },
      "tag": "api"
    },
     {
     "listen": "127.0.0.1",
     "port": "71",
     "protocol": "vmess",
      "settings": {
            "clients": [
               {
                 "id": "rerechan-store",
                 "alterId": 0
#vmess
             }
          ]
       },
       "streamSettings":{
         "network": "ws",
            "wsSettings": {
                "path": "/worryfree"
          }
        }
     },
    {
      "listen": "127.0.0.1",
      "port": "72",
      "protocol": "trojan",
      "settings": {
          "decryption":"none",		
           "clients": [
              {
                 "password": "rerechan-store"
#trojanws
              }
          ],
         "udp": true
       },
       "streamSettings":{
           "network": "ws",
           "wsSettings": {
               "path": "/kuota-habis"
            }
         }
     }	
  ],
  "outbounds": [
    {
      "protocol": "freedom",
      "settings": {}
    },
    {
      "protocol": "blackhole",
      "settings": {},
      "tag": "blocked"
    }
  ],
  "routing": {
    "rules": [
      {
        "type": "field",
        "ip": [
          "0.0.0.0/8",
          "10.0.0.0/8",
          "100.64.0.0/10",
          "169.254.0.0/16",
          "172.16.0.0/12",
          "192.0.0.0/24",
          "192.0.2.0/24",
          "192.168.0.0/16",
          "198.18.0.0/15",
          "198.51.100.0/24",
          "203.0.113.0/24",
          "::1/128",
          "fc00::/7",
          "fe80::/10"
        ],
        "outboundTag": "blocked"
      },
      {
        "inboundTag": [
          "api"
        ],
        "outboundTag": "api",
        "type": "field"
      },
      {
        "type": "field",
        "outboundTag": "blocked",
        "protocol": [
          "bittorrent"
        ]
      }
    ]
  },
  "stats": {},
  "api": {
    "services": [
      "StatsService"
    ],
    "tag": "api"
  },
  "policy": {
    "levels": {
      "0": {
        "statsUserDownlink": true,
        "statsUserUplink": true
      }
    },
    "system": {
      "statsInboundUplink": true,
      "statsInboundDownlink": true,
      "statsOutboundUplink" : true,
      "statsOutboundDownlink" : true
    }
  }
}
